id,name,scope,status,depth,direct_prerequisites,complete_prerequisites,incomplete_prerequisites
N001,Finite matroid,CORE_MATROID,COMPLETE,0,,,
N002,Basis,CORE_MATROID,COMPLETE,1,N001,N001,
N003,Equal basis cardinalities,CORE_MATROID,COMPLETE,2,N002,N002,
N004,Extension within a subset,CORE_MATROID,COMPLETE,2,N002,N002,
N005,Extension to a full basis,CORE_MATROID,COMPLETE,3,N004,N004,
N006,Rank,CORE_MATROID,COMPLETE,3,N002;N003,N002;N003,
N007,Closure,CORE_MATROID,COMPLETE,4,N006,N006,
N008,Closure extensivity,CORE_MATROID,COMPLETE,5,N007,N007,
N009,Closure monotonicity,CORE_MATROID,COMPLETE,5,N007,N007,
N010,Closure idempotence,CORE_MATROID,COMPLETE,5,N007,N007,
N011,Steinitz closure exchange,CORE_MATROID,COMPLETE,5,N007,N007,
N012,Flat,CORE_MATROID,COMPLETE,5,N007,N007,
N013,Flat rank test,CORE_MATROID,IDENTIFIED,6,N006;N012,N006;N012,
N014,Spanning basis forces full flat,CORE_MATROID,IDENTIFIED,6,N002;N012,N002;N012,
N015,Circuit,CORE_MATROID,COMPLETE,1,N001,N001,
N016,Circuit characterization of closure,CORE_MATROID,COMPLETE,5,N007;N015,N007;N015,
N017,Hyperplane,CORE_MATROID,IDENTIFIED,6,N012,N012,
N018,Cocircuit,CORE_MATROID,IDENTIFIED,7,N017,,N017
N019,Cocircuit basis hitting,CORE_MATROID,IDENTIFIED,8,N002;N018,N002,N018
N020,Free matroid,CORE_MATROID,COMPLETE,5,N001;N002;N007,N001;N002;N007,
N021,Loop,CORE_MATROID,COMPLETE,5,N007;N015,N007;N015,
N022,Coloop,CORE_MATROID,COMPLETE,2,N002,N002,
N023,Restriction,CORE_MATROID,COMPLETE,1,N001,N001,
N024,Deletion,CORE_MATROID,COMPLETE,2,N023,N023,
N025,Contraction rank,CORE_MATROID,COMPLETE,4,N006,N006,
N026,Minor,CORE_MATROID,IDENTIFIED,5,N024;N025,N024;N025,
N027,Deletion composition,CORE_MATROID,COMPLETE,3,N024,N024,
N028,Contraction composition,CORE_MATROID,IDENTIFIED,5,N025,N025,
N029,Deletion-contraction commutation,CORE_MATROID,IDENTIFIED,5,N024;N025,N024;N025,
N030,Spanned target contracts to loop,CORE_MATROID,IDENTIFIED,6,N007;N021;N025,N007;N021;N025,
N031,Fundamental circuit,CORE_MATROID,COMPLETE,2,N002;N015,N002;N015,
N032,Cocircuit separating closure,CORE_MATROID,IDENTIFIED,8,N004;N007;N018,N004;N007,N018
N033,Modular pair of flats,CORE_MATROID,IDENTIFIED,6,N006;N012,N006;N012,
N034,Modular cut,CORE_MATROID,IDENTIFIED,7,N012;N033,N012,N033
N035,Generated modular cut,CORE_MATROID,IDENTIFIED,8,N034,,N034
N036,Single-element extension,CORE_MATROID,COMPLETE,2,N023,N023,
N037,Crapo extension classification,CORE_MATROID,IDENTIFIED,8,N034;N036,N036,N034
N038,Empty cut gives coloop,CORE_MATROID,IDENTIFIED,9,N022;N037,N022,N037
N039,Full cut gives loop,CORE_MATROID,IDENTIFIED,9,N021;N037,N021,N037
N040,Target-extension criterion,CORE_MATROID,IDENTIFIED,9,N035;N036;N037;N041,N036,N035;N037;N041
N041,Closure under extension restriction,CORE_MATROID,IDENTIFIED,5,N006;N007;N036,N006;N007;N036,
N042,Matroid representation,CORE_MATROID,COMPLETE,1,N001,N001,
N043,Vector matroid,CORE_MATROID,COMPLETE,1,N001,N001,
N044,Represented rank,CORE_MATROID,IDENTIFIED,4,N006;N043,N006;N043,
N045,Represented closure,CORE_MATROID,IDENTIFIED,5,N007;N043;N044,N007;N043,N044
N046,Represented circuits,CORE_MATROID,COMPLETE,2,N015;N043,N015;N043,
N047,Projective equivalence,CORE_MATROID,COMPLETE,2,N042,N042,
N048,Represented restriction and deletion,CORE_MATROID,COMPLETE,3,N023;N024;N043,N023;N024;N043,
N049,Represented contraction,CORE_MATROID,IDENTIFIED,5,N025;N043,N025;N043,
N050,Functional zero flat,CORE_MATROID,IDENTIFIED,6,N012;N045,N012,N045
N051,Regularity,CORE_MATROID,COMPLETE,2,N042,N042,
N052,Tutte characterization,CORE_MATROID,MISSING_PREREQUISITE,6,N051;N053,N051,N053
N053,TU representation over every field,CORE_MATROID,MISSING_PREREQUISITE,5,N042;N044;N051,N042;N051,N044
N054,Regular minor closure,CORE_MATROID,IDENTIFIED,6,N048;N049;N051,N048;N051,N049
N055,Projective uniqueness of regular matroids,CORE_MATROID,IDENTIFIED,7,N047;N051;N052,N047;N051,N052
N056,TU pivot and standard form,CORE_MATROID,COMPLETE,2,N042,N042,
N057,TU identity augmentation,CORE_MATROID,COMPLETE,2,N042,N042,
N059,Regular free quotient form,CORE_MATROID,IDENTIFIED,6,N020;N049;N051;N056;N057,N020;N051;N056;N057,N049
N060,Regular extension chain,CORE_MATROID,IDENTIFIED,7,N020;N036;N059,N020;N036,N059
N061,Graphic matroid,CORE_MATROID,COMPLETE,1,N001,N001,
N062,Cographic matroid,CORE_MATROID,COMPLETE,2,N001;N061,N001;N061,
N063,Regular-matroid cycle,CORE_MATROID,COMPLETE,2,N015,N015,
N064,Regular one-sum construction,CORE_MATROID,COMPLETE,3,N063,N063,
N065,Regular two-sum construction,CORE_MATROID,IDENTIFIED,6,N021;N022;N063;N256,N021;N022;N063;N256,
N066,Regular three-sum construction,CORE_MATROID,IDENTIFIED,8,N015;N018;N063;N256,N015;N063;N256,N018
N067,One-sum preserves regularity,CORE_MATROID,IDENTIFIED,4,N051;N064,N051;N064,
N068,Two-sum preserves regularity,CORE_MATROID,IDENTIFIED,7,N051;N065,N051,N065
N069,Three-sum preserves regularity,CORE_MATROID,IDENTIFIED,9,N051;N066,N051,N066
N070,R10,CORE_MATROID,MISSING_PREREQUISITE,6,N043;N044;N051;N053,N043;N051,N044;N053
N071,Seymour decomposition object,CORE_MATROID,IDENTIFIED,9,N061;N062;N064;N065;N066;N070,N061;N062;N064,N065;N066;N070
N072,Seymour decomposition theorem,CORE_MATROID,IDENTIFIED,10,N051;N071,N051,N071
N073,Colored matroid,CORE_MATROID,COMPLETE,1,N001,N001,
N080,Finite closure-exchange representation,CORE_MATROID,COMPLETE,1,N001,N001,
N081,Pointed matroid port,MATROID_INTERFACE,COMPLETE,6,N007;N015;N016,N007;N015;N016,
N097,Flat-lattice join,CORE_MATROID,IDENTIFIED,6,N007;N012,N007;N012,
N105,Positive target support,MATROID_INTERFACE,COMPLETE,5,N007,N007,
N106,Positive support by target circuits,MATROID_INTERFACE,IDENTIFIED,7,N015;N081;N105,N015;N081;N105,
N107,Negative target support,MATROID_INTERFACE,IDENTIFIED,8,N007;N018,N007,N018
N109,Positive support in a representation,MATROID_INTERFACE,IDENTIFIED,6,N042;N045;N105,N042;N105,N045
N110,Negative support in a representation,MATROID_INTERFACE,IDENTIFIED,9,N042;N045;N107,N042,N045;N107
N111,Nonzero column rescaling,CORE_MATROID,COMPLETE,2,N043,N043,
N112,Ambient linear isomorphism,CORE_MATROID,COMPLETE,2,N043,N043,
N116,Regular real representations parameterize by weights,CORE_MATROID,IDENTIFIED,8,N047;N051;N055;N111;N112,N047;N051;N111;N112,N055
N118,Signed circuit dependency,CORE_MATROID,IDENTIFIED,7,N015;N052,N015,N052
N119,Signed cocircuit functional,CORE_MATROID,IDENTIFIED,8,N018;N052,,N018;N052
N122,Weighted target basis sums,CORE_MATROID,COMPLETE,2,N002,N002,
N125,TU weighted basis determinant,CORE_MATROID,MISSING_PREREQUISITE,5,N042;N044;N122,N042;N122,N044
N129,Uniform matroid,CORE_MATROID,COMPLETE,1,N001,N001,
N130,Corank-one uniform target circuit,CORE_MATROID,COMPLETE,2,N015;N129,N015;N129,
N131,Rank-one uniform target closure,CORE_MATROID,IDENTIFIED,5,N007;N129,N007;N129,
N132,Dual matroid bases,CORE_MATROID,COMPLETE,2,N002,N002,
N133,Dual circuits and cocircuits,CORE_MATROID,IDENTIFIED,8,N015;N018;N132,N015;N132,N018
N134,Deletion-contraction duality,CORE_MATROID,IDENTIFIED,5,N024;N025;N132,N024;N025;N132,
N135,Graphic-cographic duality,CORE_MATROID,COMPLETE,3,N061;N062;N132,N061;N062;N132,
N136,Direct-sum bases,CORE_MATROID,IDENTIFIED,4,N002;N064,N002;N064,
N137,One-sum target ratio,CORE_MATROID,IDENTIFIED,5,N122;N136,N122,N136
N138,Proper 2-sum basis correspondence,CORE_MATROID,IDENTIFIED,7,N002;N065,N002,N065
N139,Two-sum effective weight,CORE_MATROID,IDENTIFIED,8,N122;N138,N122,N138
N140,Zero effective weight is deletion,CORE_MATROID,IDENTIFIED,9,N024;N139,N024,N139
N141,Infinite effective weight is contraction,CORE_MATROID,IDENTIFIED,9,N025;N139,N025,N139
N143,Negative restriction coloop,MATROID_INTERFACE,IDENTIFIED,5,N007;N022;N023,N007;N022;N023,
N144,Positive contraction loop,MATROID_INTERFACE,IDENTIFIED,7,N025;N030,N025,N030
N146,Two-sum target-circuit gluing,CORE_MATROID,IDENTIFIED,7,N015;N065,N015,N065
N147,Two-sum target-spanning substitution,MATROID_INTERFACE,IDENTIFIED,8,N007;N146,N007,N146
N148,Two-sum cocircuit gluing,CORE_MATROID,IDENTIFIED,9,N018;N065;N133,,N018;N065;N133
N149,Two-sum ground-set cardinality,CORE_MATROID,IDENTIFIED,7,N065,,N065
N150,Two-sum rank,CORE_MATROID,IDENTIFIED,8,N006;N065;N138,N006,N065;N138
N151,Connectedness at recursive glue,CORE_MATROID,STATEMENT_DESIGN,8,N218;N255,,N218;N255
N152,Recover parent across a two-element circuit,CORE_MATROID,IDENTIFIED,7,N015;N025;N065,N015;N025,N065
N153,Effective-weight homogeneity,CORE_MATROID,IDENTIFIED,9,N122;N139,N122,N139
N154,Regular effective-weight monotonicity,MATROID_INTERFACE,STATEMENT_DESIGN,9,N125;N139,,N125;N139
N156,Positive availability odds monotonicity,MATROID_INTERFACE,IDENTIFIED,10,N007;N023;N154,N007;N023,N154
N157,Negative availability odds monotonicity,MATROID_INTERFACE,IDENTIFIED,10,N007;N025;N154,N007;N025,N154
N158,Five 3-sum boundary classes,CORE_MATROID,COMPLETE,5,N007;N015,N007;N015,
N159,Three-sum basis compatibility,CORE_MATROID,IDENTIFIED,9,N066;N158,N158,N066
N160,Three-sum five-class bilinear sum,CORE_MATROID,IDENTIFIED,10,N122;N159;N266,N122,N159;N266
N161,Triangle five-sum identity,CORE_MATROID,IDENTIFIED,7,N051;N125;N266,N051,N125;N266
N162,Triangle a positivity,CORE_MATROID,IDENTIFIED,7,N004;N266,N004,N266
N163,Triangle c positivity,CORE_MATROID,IDENTIFIED,7,N004;N266,N004,N266
N164,Triangle singleton-class sparsity,CORE_MATROID,IDENTIFIED,8,N161;N162;N163;N266,,N161;N162;N163;N266
N165,K4 triangle replacement,CORE_MATROID,IDENTIFIED,11,N160;N161;N266;N267,,N160;N161;N266;N267
N166,Degenerate triangle replacement,CORE_MATROID,IDENTIFIED,11,N025;N160;N161;N162;N163;N164;N266;N267,N025,N160;N161;N162;N163;N164;N266;N267
N167,Seymour target-basis ratio reduction,MATROID_INTERFACE,IDENTIFIED,12,N072;N122;N137;N139;N165;N166,N122,N072;N137;N139;N165;N166
N169,R10 circuit counts,CORE_MATROID,IDENTIFIED,7,N015;N070,N015,N070
N170,R10 has no triangles,CORE_MATROID,IDENTIFIED,7,N015;N070,N015,N070
N171,R10 has no triads,CORE_MATROID,IDENTIFIED,8,N018;N070,,N018;N070
N172,R10 single deletion,CORE_MATROID,IDENTIFIED,7,N024;N061;N070,N024;N061,N070
N173,R10 single contraction,CORE_MATROID,IDENTIFIED,7,N025;N062;N070,N025;N062,N070
N174,Graphic minor closure,CORE_MATROID,IDENTIFIED,6,N026;N061,N061,N026
N175,Cographic minor closure,CORE_MATROID,IDENTIFIED,6,N026;N062,N062,N026
N176,Planar graphic-cographic correspondence,CORE_MATROID,IDENTIFIED,4,N061;N062;N135,N061;N062;N135,
N177,Proper R10 minor class,CORE_MATROID,IDENTIFIED,8,N026;N172;N173;N174;N175,,N026;N172;N173;N174;N175
N178,Small R10 minors are both classes,CORE_MATROID,IDENTIFIED,8,N026;N172;N173;N174;N175;N176,,N026;N172;N173;N174;N175;N176
N179,R10 non-root leaf excludes three-sum,CORE_MATROID,IDENTIFIED,9,N066;N070;N170,,N066;N070;N170
N180,Target-component R10 attachment,CORE_MATROID,IDENTIFIED,10,N070;N071;N179;N255,,N070;N071;N179;N255
N181,Circuit persistence under deletion,CORE_MATROID,COMPLETE,3,N015;N024,N015;N024,
N182,R10 total basis count,CORE_MATROID,IDENTIFIED,7,N002;N070,N002,N070
N183,R10 pointed basis counts,CORE_MATROID,IDENTIFIED,8,N002;N070;N182;N186,N002,N070;N182;N186
N184,R10 pointed polynomial supports,CORE_MATROID,IDENTIFIED,9,N070;N122;N183,N122,N070;N183
N185,R10 automorphism order,CORE_MATROID,IDENTIFIED,7,N070,,N070
N186,R10 element transitivity,CORE_MATROID,IDENTIFIED,7,N070,,N070
N187,R10 stabilizer order,CORE_MATROID,IDENTIFIED,8,N070;N185;N186,,N070;N185;N186
N188,Pointed basis-polynomial equivariance,CORE_MATROID,IDENTIFIED,8,N122;N186,N122,N186
N189,R10 subset orbits,CORE_MATROID,IDENTIFIED,8,N070;N185,,N070;N185
N190,Pointed R10 subset orbits,CORE_MATROID,IDENTIFIED,9,N070;N187,,N070;N187
N191,Four-state unrooted R10 orbits,CORE_MATROID,IDENTIFIED,8,N070;N185,,N070;N185
N192,Four-state marked R10 orbits,CORE_MATROID,IDENTIFIED,9,N070;N187,,N070;N187
N193,R10 pointed determinant,CORE_MATROID,IDENTIFIED,7,N070;N122;N125,N122,N070;N125
N194,R10 pointed cofactor,CORE_MATROID,IDENTIFIED,7,N070;N122;N125,N122,N070;N125
N195,Pointed R10 target circuits,CORE_MATROID,IDENTIFIED,7,N070;N081,N081,N070
N196,Pointed R10 maximal nonspanning sets,CORE_MATROID,IDENTIFIED,9,N070;N263,,N070;N263
N197,Connected pair circuit,CORE_MATROID,IDENTIFIED,8,N015;N255,N015,N255
N200,R10 size-five target-circuit incidence,CORE_MATROID,IDENTIFIED,8,N195,,N195
N201,R10 size-five target-cocircuit incidence,CORE_MATROID,IDENTIFIED,10,N196,,N196
N204,Parallel target construction,CORE_MATROID,STATEMENT_DESIGN,7,N021;N065,N021,N065
N205,Parallel target regularity,CORE_MATROID,IDENTIFIED,8,N068;N204,,N068;N204
N206,Parallel-target closure union,MATROID_INTERFACE,STATEMENT_DESIGN,9,N147;N204,,N147;N204
N207,Graphic double-star predicate,MATROID_INTERFACE,IDENTIFIED,6,N061;N264,N061,N264
N212,Zero-weight R10 minor limit,CORE_MATROID,IDENTIFIED,9,N024;N122;N139,N024;N122,N139
N213,Infinite-weight R10 minor limit,CORE_MATROID,IDENTIFIED,9,N025;N122;N139,N025;N122,N139
N214,R10 target loop or coloop ratio,CORE_MATROID,IDENTIFIED,6,N021;N022;N122,N021;N022;N122,
N215,Intact target-free R10 contribution,CORE_MATROID,IDENTIFIED,9,N070;N122;N139,N122,N070;N139
N216,Intact target R10 contribution,CORE_MATROID,IDENTIFIED,10,N070;N122;N184,N122,N070;N184
N217,Changed R10 leaf class,CORE_MATROID,IDENTIFIED,10,N026;N177;N212;N213,,N026;N177;N212;N213
N218,Recursive pointed matroid,CORE_MATROID,IDENTIFIED,7,N065;N070,,N065;N070
N219,Recursive R10 regularity,CORE_MATROID,IDENTIFIED,9,N068;N151;N218,,N068;N151;N218
N220,Recursive R10 ground-set size,CORE_MATROID,IDENTIFIED,8,N149;N218,,N149;N218
N221,Recursive R10 rank,CORE_MATROID,IDENTIFIED,9,N006;N150;N218,N006,N150;N218
N222,Recursive target closure composition,MATROID_INTERFACE,IDENTIFIED,9,N147;N218,,N147;N218
N223,Recursive R10 minor,CORE_MATROID,IDENTIFIED,8,N026;N152;N218,,N026;N152;N218
N224,Recursive matroids are not graphic or cographic,CORE_MATROID,IDENTIFIED,9,N061;N062;N174;N175;N223;N225,N061;N062,N174;N175;N223;N225
N225,R10 nongraphic/noncographic status,CORE_MATROID,IDENTIFIED,7,N061;N062;N070,N061;N062,N070
N226,Recursive target-circuit substitution,CORE_MATROID,IDENTIFIED,8,N146;N195;N218,,N146;N195;N218
N227,Recursive target-cocircuit substitution,CORE_MATROID,IDENTIFIED,10,N148;N196;N218,,N148;N196;N218
N228,Recursive circuit incidence,CORE_MATROID,IDENTIFIED,9,N200;N226,,N200;N226
N229,Recursive cocircuit incidence,CORE_MATROID,IDENTIFIED,11,N201;N227,,N201;N227
N232,Recursive alternative regularity,CORE_MATROID,IDENTIFIED,8,N068;N204,,N068;N204
N233,Recursive alternative target closure,MATROID_INTERFACE,IDENTIFIED,10,N147;N204;N206,,N147;N204;N206
N238,Pointed R10 closure balance,CORE_MATROID,IDENTIFIED,7,N007;N070,N007,N070
N239,Pointed R10 sensitivity witnesses,CORE_MATROID,IDENTIFIED,7,N007;N070,N007,N070
N240,Pointed R10 closure symmetry,CORE_MATROID,IDENTIFIED,9,N007;N187,N007,N187
N243,Free response generators form basis,MATROID_INTERFACE,IDENTIFIED,6,N002;N020,N002;N020,
N244,Relation fundamental-circuit support,MATROID_INTERFACE,IDENTIFIED,7,N031;N243,N031,N243
N246,Quotient equals contraction,MATROID_INTERFACE,STATEMENT_DESIGN,6,N025;N049,N025,N049
N247,Positive quotient closure certificate,MATROID_INTERFACE,IDENTIFIED,6,N007;N045,N007,N045
N248,Negative quotient nonclosure certificate,MATROID_INTERFACE,IDENTIFIED,6,N007;N045,N007,N045
N255,R10 connectedness,CORE_MATROID,IDENTIFIED,7,N015;N070,N015,N070
N256,Binary cycle symmetric difference,CORE_MATROID,COMPLETE,3,N051;N063,N051;N063,
N257,Rank-one uniform regularity,CORE_MATROID,IDENTIFIED,6,N053;N129,N129,N053
N258,Incidence representation of a graphic matroid,CORE_MATROID,COMPLETE,2,N043;N061,N043;N061,
N262,Row-restriction matroid equivalence,CORE_MATROID,IDENTIFIED,5,N043;N044,N043,N044
N263,Maximal nonspanning sets,MATROID_INTERFACE,IDENTIFIED,8,N007;N017;N018,N007,N017;N018
N264,Graphic target-edge closure,CORE_MATROID,IDENTIFIED,5,N007;N061,N007;N061,
N265,Port blocker relation,MATROID_INTERFACE,IDENTIFIED,9,N018;N019;N081,N081,N018;N019
N266,Weighted triangle signature,CORE_MATROID,IDENTIFIED,6,N001;N007;N158,N001;N007;N158,
N267,Weighted K4 triangle signature,CORE_MATROID,IDENTIFIED,7,N061;N266,N061,N266
